{"loss": [0.9232103228569031, 0.2198401838541031, 0.15021471679210663, 0.11594797670841217, 0.10861924290657043, 0.08941659331321716, 0.052573055028915405, 0.034311842173337936, 0.027430200949311256, 0.02111411839723587, 0.01832745410501957, 0.01722513511776924, 0.01509220153093338], "accuracy": [0.6510113477706909, 0.9156490564346313, 0.9405723810195923, 0.9529087543487549, 0.9571670293807983, 0.9648067951202393, 0.9793349504470825, 0.9866616725921631, 0.9903563261032104, 0.9922975897789001, 0.9935500025749207, 0.9946145415306091, 0.9956791400909424], "precision": [0.8445882201194763, 0.9259188175201416, 0.9451292753219604, 0.956782341003418, 0.9597809910774231, 0.9665724039077759, 0.9804266095161438, 0.9873386025428772, 0.9905997514724731, 0.9924816489219666, 0.9936728477478027, 0.9948627948760986, 0.9959278106689453], "recall": [0.5067318081855774, 0.9071325659751892, 0.9362514615058899, 0.9496524333953857, 0.9549126625061035, 0.9633039236068726, 0.9786460995674133, 0.9864111542701721, 0.9898553490638733, 0.991984486579895, 0.9932995438575745, 0.9944267272949219, 0.9954912662506104], "auc": [0.9129682779312134, 0.9942799806594849, 0.9971973299980164, 0.9982607960700989, 0.9982932209968567, 0.9988700151443481, 0.9995529651641846, 0.9998155832290649, 0.9998199343681335, 0.9998904466629028, 0.999900221824646, 0.9999071955680847, 0.9999451041221619], "val_loss": [0.34492000937461853, 0.22671961784362793, 0.22596736252307892, 0.26131337881088257, 0.2636428475379944, 0.3031781017780304, 0.2798003852367401, 0.315280020236969, 0.31945687532424927, 0.32823675870895386, 0.34402862191200256, 0.35294729471206665, 0.3547040522098541], "val_accuracy": [0.8799999952316284, 0.9045000076293945, 0.9160000085830688, 0.9024999737739563, 0.9024999737739563, 0.8949999809265137, 0.9079999923706055, 0.9160000085830688, 0.9085000157356262, 0.9125000238418579, 0.9135000109672546, 0.9114999771118164, 0.9114999771118164], "val_precision": [0.8957468867301941, 0.9122272729873657, 0.9208523631095886, 0.9060301780700684, 0.9066599607467651, 0.9002518653869629, 0.9106873869895935, 0.9190954566001892, 0.9097744226455688, 0.9151180386543274, 0.9152032136917114, 0.9132397174835205, 0.9146157503128052], "val_recall": [0.8634999990463257, 0.8989999890327454, 0.9075000286102295, 0.9014999866485596, 0.8985000252723694, 0.8934999704360962, 0.9075000286102295, 0.9144999980926514, 0.9075000286102295, 0.9110000133514404, 0.9120000004768372, 0.9104999899864197, 0.9104999899864197], "val_auc": [0.9880065321922302, 0.9930003881454468, 0.9925403594970703, 0.9915338158607483, 0.9920964241027832, 0.990145742893219, 0.989071249961853, 0.9846343398094177, 0.9851818680763245, 0.9845262765884399, 0.9830420613288879, 0.9818259477615356, 0.9809912443161011], "lr": [0.0010000000474974513, 0.0010000000474974513, 0.0010000000474974513, 0.0010000000474974513, 0.0010000000474974513, 0.0010000000474974513, 0.0002500000118743628, 0.0002500000118743628, 0.0002500000118743628, 6.25000029685907e-05, 6.25000029685907e-05, 6.25000029685907e-05, 1.5625000742147677e-05]}